{
    "select": "Select",
    "sNo": "S.No",
    "regdNo": "Regd No",
    "regdOwner": "Regd Owner",
    "relation": "Relation",
    "make": "Make",
    "yom": "YOM",
    "financier": "Financier",
    "loanNo": "Loan No",
    "tenure": "Tenure",
    "purchaseDate": "Purchase Date",
    "paid": "Paid",
    "seasoning": "Seasoning",
    "ad": "AD",
    "pd": "PD",
    "gridValue": "Grid Value",
    "track": "Track",
    "action": "Action",
    "applicant": "Applicant",
    "coApplicant": "Co-Applicant",
    "guarantor": "Guarantor",
    "tatamotors": "Tata Motors",
    "eicher": "Eicher",
    "nameOfTheClient": "Name of the client",
    "bajaj": "Bajaj",
    "icici": "ICICI",
    "chola": "Chola",
    "nameOfTheFinancier": "Name of the Financier",
    "assetFinanced": "Asset Financed",
    "repaymentMode": "Repayment Mode",
    "ecs": "ECS",
    "ach": "ACH",
    "pdc": "PDC",
    "cash": "Cash",
    "others": "Others",
    "financeAmount": "Finance Amount",
    "financeCharges": "Finance Charges",
    "contractValue": "Contract Value(Total)",
    "contNo": "Cont No",
    "vehicleNo": "Vehicle No",
    "typesOfFinance": "Types Of Finance",
    "new": "New",
    "refinance": "Refinance",
    "used": "Used",
    "accountStatus": "Account Status",
    "matured": "Matured",
    "running": "Running",
    "loanStartDate": "Loan Start Date",
    "loanMaturityDate": "Loan Maturity Date",
    "count": "Count on 30's & 90's dpd",
    "totalNoOfEmis": "Total no of emi's",
    "noOfEmisPaid": "NO of emi's paid",
    "balanceTenor": "Balance Tenor",
    "totalDelay": "Total Delay",
    "peakDelay": "Peak Delay",
    "avgDelay": "Avg Delay",
    "trackStatus": "Track Status",
    "totalAmtPaid": "Total Amt Paid",
    "installmentNo": "Installment No",
    "installmentAmt": "Installment Amt",
    "dueDate": "Due Date",
    "rcptNo": "Rcpt. No.",
    "recdDate": "Recd. Date",
    "rcptAmount": "Rcpt Amount",
    "delayDays": "Delay Days",
    "paymentsExcess": "Payments excess/short",    
    "emiAmount": "Emi Amount"
}