[
    {
        "title": "Vehicle Details",
        "vechicalType": "Vehicle Type",
        "vechicalRegion": "Region",
        "registartionNumber": "Vechical Registration No",
        "assetMake": "Asset Make",
        "assetModel": "Asset Model",
        "assetBodyType": "Asset Body Type",
        "assetVariant": "Asset Variant",
        "assetSubVariant": "Asset Sub-Variant",
        "monthManufacturing": "Month of Manufacturing",
        "yearManufacturing": "Year of Manufacturing",
        "ageOfAsset": "Age of Asset",
        "vechicleUsage": "Vehicle Usage",
        "vehicleCategory": "Vehicle Category",
        "orpFunding": "ORP Funding",
        "oneTimeTax": "One Time Tax",
        "pac": "PAC",
        "vas": "VAS",
        "emiProtect": "EMI Protect",
        "fastTag": "Fast Tag",
        "others": "Others",
        "discount": "Discount",
        "finalAssetCost": "Final Asset Cost",
        "idv": "IDV",
        "insuranceValidity": "Insurance Validity",
        "insuranceCopy": "Insurance",
        "permitType": "Type of Permit",
        "expiryDate": "Permit Expiry Date",
        "permitCopy": "Permit Upload",
        "permitOthers": "Type of Other Permit",
        "frsdRequired": "FRSD Funding Required",
        "frsdAmount": "FRSD Premium Amount",
        "fitnessDate": "Fitness Date",
        "fitnessCopy": "Fitness Upload",
        "noVehicle": "No of Vehicles",
        "back": "Back",
        "save": "Save",
        "next": "Next"
    }
]